model,precision_score_test,recall_score_test,f1_score_test
vanilla,0.3142437591776799,0.3142437591776799,0.3142437591776799
bidirectional,0.6997063142437592,0.6997063142437592,0.6997063142437592
cnn-lstm,0.460352422907489,0.460352422907489,0.460352422907489
conv-lstm,0.7158590308370044,0.7158590308370044,0.7158590308370045
