model,precision_score_test,recall_score_test,f1_score_test
vanilla,0.3662551440329218,0.3662551440329218,0.3662551440329218
bidirectional,0.7407407407407407,0.7407407407407407,0.7407407407407407
cnn-lstm,0.5110192837465565,0.5110192837465565,0.5110192837465565
conv-lstm,0.7231404958677686,0.7231404958677686,0.7231404958677686
