model,precision_score_test,recall_score_test,f1_score_test
vanilla,0.4,0.4,0.4000000000000001
bidirectional,0.7328767123287672,0.7328767123287672,0.7328767123287672
cnn-lstm,0.5219178082191781,0.5219178082191781,0.5219178082191781
conv-lstm,0.7178082191780822,0.7178082191780822,0.7178082191780822
